timestamp,price,signal,confidence,confluence,dxy_bias,price_action
2026-01-25 05:43:52.199797,3.306254784574388,NEUTRAL,0,False,NEUTRAL,NEUTRAL
2026-01-28 05:43:52.199797,3.2837332353735436,NEUTRAL,0,False,NEUTRAL,NEUTRAL
2026-01-31 05:43:52.199797,3.3304044129409744,NEUTRAL,0,False,NEUTRAL,NEUTRAL
2026-02-03 05:43:52.199797,3.31488468945956,NEUTRAL,0,False,DOWNTREND,BEARISH
2026-02-06 05:43:52.199797,3.327128352157974,NEUTRAL,0,False,DOWNTREND,NEUTRAL
2026-02-09 05:43:52.199797,3.172950432567446,NEUTRAL,0,False,DOWNTREND,NEUTRAL
2026-02-12 05:43:52.199797,3.16569102840431,NEUTRAL,0,False,DOWNTREND,BEARISH
2026-02-15 05:43:52.199797,3.2158089521194735,NEUTRAL,0,False,NEUTRAL,BULLISH
2026-02-18 05:43:52.199797,3.1483516911112974,NEUTRAL,0,False,DOWNTREND,NEUTRAL
